{
  "properties": {
    "connectionReferences": {
      "shared_sharepointonline_1": {
        "runtimeSource": "invoker",
        "connection": {
          "connectionReferenceLogicalName": "wgj_LCPSharePointConnectionReference"
        },
        "api": {
          "name": "shared_sharepointonline"
        }
      }
    },
    "definition": {
      "$schema": "https://schema.management.azure.com/providers/Microsoft.Logic/schemas/2016-06-01/workflowdefinition.json#",
      "contentVersion": "1.0.0.0",
      "parameters": {
        "$connections": {
          "defaultValue": {},
          "type": "Object"
        },
        "$authentication": {
          "defaultValue": {},
          "type": "SecureObject"
        }
      },
      "triggers": {
        "manual": {
          "metadata": {
            "operationMetadataId": "5ac14c8c-be5a-44e8-8f48-7e3a1c000b2c"
          },
          "type": "Request",
          "kind": "PowerAppV2",
          "inputs": {
            "schema": {
              "type": "object",
              "properties": {
                "email": {
                  "title": "Email",
                  "type": "string",
                  "format": "email",
                  "x-ms-dynamically-added": true,
                  "description": "Please enter an e-mail address",
                  "x-ms-content-hint": "EMAIL"
                },
                "text": {
                  "title": "SiteURL",
                  "type": "string",
                  "x-ms-dynamically-added": true,
                  "description": "Please enter your input",
                  "x-ms-content-hint": "TEXT"
                },
                "text_1": {
                  "title": "Lists",
                  "type": "string",
                  "x-ms-dynamically-added": true,
                  "description": "Please enter your input",
                  "x-ms-content-hint": "TEXT"
                }
              },
              "required": [
                "email",
                "text",
                "text_1"
              ]
            }
          }
        }
      },
      "actions": {
        "Initialize_variable_-_Schemas_String_Variable": {
          "runAfter": {},
          "metadata": {
            "operationMetadataId": "b4dbc292-bccb-4af0-8fa9-464b9c047f55"
          },
          "type": "InitializeVariable",
          "inputs": {
            "variables": [
              {
                "name": "VarSchemas",
                "type": "string"
              }
            ]
          }
        },
        "Initialize_variable_-_Failed_List_String_Variable": {
          "runAfter": {
            "Initialize_variable_-_Schemas_String_Variable": [
              "Succeeded"
            ]
          },
          "metadata": {
            "operationMetadataId": "0a356c3e-db6e-422d-ac6a-99d1a3d6374d"
          },
          "type": "InitializeVariable",
          "inputs": {
            "variables": [
              {
                "name": "varFailedLists",
                "type": "string"
              }
            ]
          }
        },
        "Initialize_variable_-_Lists_Array": {
          "runAfter": {
            "Initialize_variable_-_Failed_List_String_Variable": [
              "Succeeded"
            ]
          },
          "metadata": {
            "operationMetadataId": "a4bc4875-449f-450b-8886-62f4d3f4bac3"
          },
          "type": "InitializeVariable",
          "inputs": {
            "variables": [
              {
                "name": "varLists",
                "type": "array",
                "value": "@split(triggerBody()['text_1'],',')"
              }
            ]
          }
        },
        "Scope_-_Try": {
          "actions": {
            "Apply_to_each": {
              "foreach": "@variables('varLists')",
              "actions": {
                "Get_original_site_details": {
                  "runAfter": {},
                  "metadata": {
                    "operationMetadataId": "e375056c-7fc8-4f8a-9d1f-ef0d58c58f44"
                  },
                  "type": "OpenApiConnection",
                  "inputs": {
                    "host": {
                      "connectionName": "shared_sharepointonline_1",
                      "operationId": "HttpRequest",
                      "apiId": "/providers/Microsoft.PowerApps/apis/shared_sharepointonline"
                    },
                    "parameters": {
                      "dataset": "@triggerBody()['text']",
                      "parameters/method": "POST",
                      "parameters/uri": "/_api/Microsoft.SharePoint.Utilities.WebTemplateExtensions.SiteScriptUtility.GetSiteScriptFromList",
                      "parameters/headers": {
                        "accept": "application/json;odata=verbose",
                        "content-type ": "application/json;odata=verbose"
                      },
                      "parameters/body": "{\n\"listUrl\":\"@{triggerBody()['text']}/Lists/@{items('Apply_to_each')}\"\n}"
                    },
                    "authentication": "@parameters('$authentication')"
                  }
                },
                "Parse_JSON_-_Get_Site_Script_Only": {
                  "runAfter": {
                    "Get_original_site_details": [
                      "Succeeded"
                    ]
                  },
                  "metadata": {
                    "operationMetadataId": "ecaeb88c-4ed3-4971-9abd-7e17882c0510"
                  },
                  "type": "ParseJson",
                  "inputs": {
                    "content": "@body('Get_original_site_details')?['d']?['GetSiteScriptFromList']",
                    "schema": {
                      "type": "object",
                      "properties": {
                        "d": {
                          "type": "object",
                          "properties": {
                            "GetSiteScriptFromList": {
                              "type": "string"
                            }
                          }
                        }
                      }
                    }
                  }
                },
                "Append_to_string_variable_-_creates_list_of_failed_entries": {
                  "runAfter": {
                    "Get_original_site_details": [
                      "Failed",
                      "Skipped",
                      "TimedOut"
                    ]
                  },
                  "metadata": {
                    "operationMetadataId": "cc0008b2-f9e4-4efb-9c79-5d32bf053b0f"
                  },
                  "type": "AppendToStringVariable",
                  "inputs": {
                    "name": "varFailedLists",
                    "value": "@{items('Apply_to_each')},"
                  }
                },
                "Compose": {
                  "runAfter": {
                    "Parse_JSON_-_Get_Site_Script_Only": [
                      "Succeeded"
                    ]
                  },
                  "metadata": {
                    "operationMetadataId": "5bc70048-5643-4cc7-b36d-8ad4c3d70e45"
                  },
                  "type": "Compose",
                  "inputs": "@body('Parse_JSON_-_Get_Site_Script_Only')"
                },
                "Append_to_string_variable_-_add_site_script_to_lists_schema_variables": {
                  "runAfter": {
                    "Compose": [
                      "Succeeded"
                    ]
                  },
                  "metadata": {
                    "operationMetadataId": "60db1032-1d64-4013-b593-9ed62ea08b3c"
                  },
                  "type": "AppendToStringVariable",
                  "inputs": {
                    "name": "VarSchemas",
                    "value": "@{outputs('Compose')}|||"
                  }
                }
              },
              "runAfter": {},
              "metadata": {
                "operationMetadataId": "4f8eacb2-031c-4025-a038-48b84da6a57e"
              },
              "type": "Foreach"
            }
          },
          "runAfter": {
            "Initialize_variable_-_Lists_Array": [
              "Succeeded"
            ]
          },
          "metadata": {
            "operationMetadataId": "65d11ad6-5451-4b9f-9052-7713f3312b22"
          },
          "type": "Scope"
        },
        "Respond_to_a_Power_App_or_flow": {
          "runAfter": {
            "Scope_-_Try": [
              "Succeeded"
            ]
          },
          "metadata": {
            "operationMetadataId": "f327c63a-2e81-4e98-865e-17207096c267"
          },
          "type": "Response",
          "kind": "PowerApp",
          "inputs": {
            "statusCode": 200,
            "body": {
              "base64content": "@variables('VarSchemas')",
              "successstatus": "Success"
            },
            "schema": {
              "type": "object",
              "properties": {
                "base64content": {
                  "title": "base64Content",
                  "x-ms-dynamically-added": true,
                  "type": "string"
                },
                "successstatus": {
                  "title": "SuccessStatus",
                  "x-ms-dynamically-added": true,
                  "type": "string"
                }
              }
            }
          }
        },
        "Respond_to_a_Power_App_or_flow_2": {
          "runAfter": {
            "Scope_-_Try": [
              "Failed",
              "Skipped",
              "TimedOut"
            ]
          },
          "metadata": {
            "operationMetadataId": "40a84c05-9d97-4945-95ac-33c5c247664d"
          },
          "type": "Response",
          "kind": "PowerApp",
          "inputs": {
            "statusCode": 200,
            "body": {
              "base64content": "@variables('VarSchemas')",
              "successstatus": "Failure"
            },
            "schema": {
              "type": "object",
              "properties": {
                "base64content": {
                  "title": "base64Content",
                  "x-ms-dynamically-added": true,
                  "type": "string"
                },
                "successstatus": {
                  "title": "SuccessStatus",
                  "x-ms-dynamically-added": true,
                  "type": "string"
                }
              }
            }
          }
        }
      }
    },
    "templateName": ""
  },
  "schemaVersion": "1.0.0.0"
}