{
  "properties": {
    "connectionReferences": {
      "shared_sharepointonline": {
        "runtimeSource": "invoker",
        "connection": {
          "connectionReferenceLogicalName": "wgj_LCPSharePointConnectionReference"
        },
        "api": {
          "name": "shared_sharepointonline"
        }
      }
    },
    "definition": {
      "$schema": "https://schema.management.azure.com/providers/Microsoft.Logic/schemas/2016-06-01/workflowdefinition.json#",
      "contentVersion": "1.0.0.0",
      "parameters": {
        "$connections": {
          "defaultValue": {},
          "type": "Object"
        },
        "$authentication": {
          "defaultValue": {},
          "type": "SecureObject"
        }
      },
      "triggers": {
        "manual": {
          "metadata": {
            "operationMetadataId": "17f16e6d-6650-4d39-ae07-f9c5933965f9"
          },
          "type": "Request",
          "kind": "PowerAppV2",
          "inputs": {
            "schema": {
              "type": "object",
              "properties": {
                "text": {
                  "title": "Site URL",
                  "type": "string",
                  "x-ms-dynamically-added": true,
                  "description": "Please enter your input",
                  "x-ms-content-hint": "TEXT"
                },
                "text_2": {
                  "title": "File Content",
                  "type": "string",
                  "x-ms-dynamically-added": true,
                  "description": "Please enter your input",
                  "x-ms-content-hint": "TEXT"
                }
              },
              "required": [
                "text",
                "text_2"
              ]
            }
          }
        }
      },
      "actions": {
        "Apply_to_each": {
          "foreach": "@split(outputs('Compose'),'|||')",
          "actions": {
            "Condition": {
              "actions": {},
              "runAfter": {},
              "else": {
                "actions": {
                  "Parse_JSON": {
                    "runAfter": {},
                    "metadata": {
                      "operationMetadataId": "8fc9b83d-c2e2-4c1b-8ae1-37997cf41f26"
                    },
                    "type": "ParseJson",
                    "inputs": {
                      "content": "@items('Apply_to_each')",
                      "schema": {
                        "type": "object",
                        "properties": {
                          "d": {
                            "type": "object",
                            "properties": {
                              "GetSiteScriptFromList": {
                                "type": "string"
                              }
                            }
                          }
                        }
                      }
                    }
                  },
                  "Send_an_HTTP_request_to_SharePoint": {
                    "runAfter": {
                      "Parse_JSON": [
                        "Succeeded"
                      ]
                    },
                    "metadata": {
                      "operationMetadataId": "993fc6b6-e00c-40fa-86aa-844157f0ddf8"
                    },
                    "type": "OpenApiConnection",
                    "inputs": {
                      "host": {
                        "connectionName": "shared_sharepointonline",
                        "operationId": "HttpRequest",
                        "apiId": "/providers/Microsoft.PowerApps/apis/shared_sharepointonline"
                      },
                      "parameters": {
                        "dataset": "@triggerBody()['text']",
                        "parameters/method": "POST",
                        "parameters/uri": "_api/Microsoft.Sharepoint.Utilities.WebTemplateExtensions.SiteScriptUtility.ExecuteTemplateScript()",
                        "parameters/headers": {
                          "accept": "application/json;odata=verbose",
                          "content-type": "application/json;odata=verbose"
                        },
                        "parameters/body": "{\"script\":\"@{replace(replace(string(body('Parse_JSON')),'\\','\\\\'),'\"','\\\"')}\"}"
                      },
                      "authentication": "@parameters('$authentication')"
                    }
                  }
                }
              },
              "expression": {
                "equals": [
                  "@items('Apply_to_each')",
                  ""
                ]
              },
              "metadata": {
                "operationMetadataId": "91af0d8e-0aa3-460b-ab57-2eaca6c2a367"
              },
              "type": "If"
            }
          },
          "runAfter": {
            "Compose": [
              "Succeeded"
            ]
          },
          "metadata": {
            "operationMetadataId": "caa24eb0-6245-4127-8e36-7c77196a865b"
          },
          "type": "Foreach"
        },
        "Compose": {
          "runAfter": {},
          "metadata": {
            "operationMetadataId": "b355a256-6831-40c4-9a99-8660ee60d6c0"
          },
          "type": "Compose",
          "inputs": "@JSON(triggerBody()['text_2'])"
        }
      }
    },
    "templateName": ""
  },
  "schemaVersion": "1.0.0.0"
}