<ImportExportXml xmlns:xsi="http://www.w3.org/2001/XMLSchema-instance">
  <Entities></Entities>
  <Roles></Roles>
  <Workflows>
    <Workflow WorkflowId="{0f034327-be16-ef11-9f89-6045bd010b08}" Name="LCP - List Copier">
      <JsonFileName>/Workflows/LCP-ListCopier-0F034327-BE16-EF11-9F89-6045BD010B08.json</JsonFileName>
      <Type>1</Type>
      <Subprocess>0</Subprocess>
      <Category>5</Category>
      <Mode>0</Mode>
      <Scope>4</Scope>
      <OnDemand>0</OnDemand>
      <TriggerOnCreate>0</TriggerOnCreate>
      <TriggerOnDelete>0</TriggerOnDelete>
      <AsyncAutodelete>0</AsyncAutodelete>
      <SyncWorkflowLogOnFailure>0</SyncWorkflowLogOnFailure>
      <StateCode>1</StateCode>
      <StatusCode>2</StatusCode>
      <RunAs>1</RunAs>
      <IsTransacted>1</IsTransacted>
      <IntroducedVersion>1.0.0.0</IntroducedVersion>
      <IsCustomizable>1</IsCustomizable>
      <BusinessProcessType>0</BusinessProcessType>
      <IsCustomProcessingStepAllowedForOtherPublishers>1</IsCustomProcessingStepAllowedForOtherPublishers>
      <PrimaryEntity>none</PrimaryEntity>
      <LocalizedNames>
        <LocalizedName languagecode="1033" description="LCP - List Copier" />
      </LocalizedNames>
    </Workflow>
    <Workflow WorkflowId="{33c24536-f016-ef11-9f89-6045bd010b08}" Name="LCP - List Paste">
      <JsonFileName>/Workflows/LCP-ListPaste-33C24536-F016-EF11-9F89-6045BD010B08.json</JsonFileName>
      <Type>1</Type>
      <Subprocess>0</Subprocess>
      <Category>5</Category>
      <Mode>0</Mode>
      <Scope>4</Scope>
      <OnDemand>0</OnDemand>
      <TriggerOnCreate>0</TriggerOnCreate>
      <TriggerOnDelete>0</TriggerOnDelete>
      <AsyncAutodelete>0</AsyncAutodelete>
      <SyncWorkflowLogOnFailure>0</SyncWorkflowLogOnFailure>
      <StateCode>1</StateCode>
      <StatusCode>2</StatusCode>
      <RunAs>1</RunAs>
      <IsTransacted>1</IsTransacted>
      <IntroducedVersion>1.0.0.0</IntroducedVersion>
      <IsCustomizable>1</IsCustomizable>
      <BusinessProcessType>0</BusinessProcessType>
      <IsCustomProcessingStepAllowedForOtherPublishers>1</IsCustomProcessingStepAllowedForOtherPublishers>
      <PrimaryEntity>none</PrimaryEntity>
      <LocalizedNames>
        <LocalizedName languagecode="1033" description="LCP - List Paste" />
      </LocalizedNames>
    </Workflow>
  </Workflows>
  <FieldSecurityProfiles></FieldSecurityProfiles>
  <Templates />
  <EntityMaps />
  <EntityRelationships />
  <OrganizationSettings />
  <optionsets />
  <CustomControls />
  <EntityDataProviders />
  <CanvasApps>
    <CanvasApp>
      <Name>wgj_lcplistcopypasteapp_5f169</Name>
      <AppVersion>2024-06-10T20:24:14Z</AppVersion>
      <Status>Ready</Status>
      <CreatedByClientVersion>3.24054.19.0</CreatedByClientVersion>
      <MinClientVersion>3.24054.19.0</MinClientVersion>
      <Tags>{"primaryDeviceWidth":"1366","primaryDeviceHeight":"768","supportsPortrait":"true","supportsLandscape":"true","primaryFormFactor":"Tablet","showStatusBar":"false","publisherVersion":"3.24054.19","minimumRequiredApiVersion":"2.2.0","hasComponent":"false","hasUnlockedComponent":"false","isUnifiedRootApp":"false","sienaVersion":"20240527T172800Z-3.24045.24.0"}</Tags>
      <IsCdsUpgraded>0</IsCdsUpgraded>
      <GalleryItemId xsi:nil="true"></GalleryItemId>
      <BackgroundColor>RGBA(0,176,240,1)</BackgroundColor>
      <DisplayName>LCP - List Copy &amp; Paste App</DisplayName>
      <Description xsi:nil="true"></Description>
      <CommitMessage xsi:nil="true"></CommitMessage>
      <Publisher xsi:nil="true"></Publisher>
      <AuthorizationReferences>[]</AuthorizationReferences>
      <ConnectionReferences>{"b3f8b00f-6cba-4067-b33b-e4c81658c632":{"id":"/providers/microsoft.powerapps/apis/shared_logicflows","displayName":"Logic flows","iconUri":"https://connectoricons-prod.azureedge.net/u/patelronak/specialtrain-logicflows-2/1.0.1692.3734/logicflows/icon.png","dataSources":["LCP-ListPaste"],"dependencies":["29d929bb-e876-486d-a7d9-2d2400fb03b3"],"dependents":[],"parameterHints":{"workflowName":{"value":"e6c57d60-5eb8-47d2-9440-8c4c57718ff2"},"workflowEntityId":{"value":"33c24536-f016-ef11-9f89-6045bd010b08"},"workflowDisplayName":{"value":"LCP - List Paste"},"29d929bb-e876-486d-a7d9-2d2400fb03b3":{"value":"shared_sharepointonline"}},"parameterHintsV2":{"workflowName":{"value":"e6c57d60-5eb8-47d2-9440-8c4c57718ff2"},"workflowEntityId":{"value":"33c24536-f016-ef11-9f89-6045bd010b08"},"workflowDisplayName":{"value":"LCP - List Paste"},"shared_sharepointonline":{"value":"29d929bb-e876-486d-a7d9-2d2400fb03b3"}},"isOnPremiseConnection":false,"bypassConsent":false,"dataSets":{},"apiTier":"Standard","actions":["Run"]},"29d929bb-e876-486d-a7d9-2d2400fb03b3":{"id":"/providers/microsoft.powerapps/apis/shared_sharepointonline","displayName":"SharePoint","iconUri":"https://connectoricons-prod.azureedge.net/releases/v1.0.1693/1.0.1693.3738/sharepointonline/icon.png","dataSources":[],"dependencies":[],"dependents":["b3f8b00f-6cba-4067-b33b-e4c81658c632","8c9fdfdd-8220-4d87-97fb-ecb19a01aad3"],"parameterHints":{},"parameterHintsV2":{},"isOnPremiseConnection":false,"bypassConsent":false,"dataSets":{},"apiTier":"Standard"},"8c9fdfdd-8220-4d87-97fb-ecb19a01aad3":{"id":"/providers/microsoft.powerapps/apis/shared_logicflows","displayName":"Logic flows","iconUri":"https://connectoricons-prod.azureedge.net/u/patelronak/specialtrain-logicflows-2/1.0.1692.3734/logicflows/icon.png","dataSources":["LCP-ListCopier"],"dependencies":["29d929bb-e876-486d-a7d9-2d2400fb03b3"],"dependents":[],"parameterHints":{"workflowName":{"value":"6be6ab4a-800e-436f-ac8b-3e23ea015bbe"},"workflowEntityId":{"value":"0f034327-be16-ef11-9f89-6045bd010b08"},"workflowDisplayName":{"value":"LCP - List Copier"},"29d929bb-e876-486d-a7d9-2d2400fb03b3":{"value":"shared_sharepointonline_1"}},"parameterHintsV2":{"workflowName":{"value":"6be6ab4a-800e-436f-ac8b-3e23ea015bbe"},"workflowEntityId":{"value":"0f034327-be16-ef11-9f89-6045bd010b08"},"workflowDisplayName":{"value":"LCP - List Copier"},"shared_sharepointonline_1":{"value":"29d929bb-e876-486d-a7d9-2d2400fb03b3"}},"isOnPremiseConnection":false,"bypassConsent":false,"dataSets":{},"apiTier":"Standard","actions":["Run"]}}</ConnectionReferences>
      <DatabaseReferences>{}</DatabaseReferences>
      <AppComponents>[]</AppComponents>
      <AppComponentDependencies>[]</AppComponentDependencies>
      <CanConsumeAppPass>0</CanConsumeAppPass>
      <CanvasAppType>0</CanvasAppType>
      <BypassConsent>0</BypassConsent>
      <AdminControlBypassConsent>0</AdminControlBypassConsent>
      <EmbeddedApp xsi:nil="true"></EmbeddedApp>
      <IntroducedVersion>1.0</IntroducedVersion>
      <CdsDependencies>{"cdsdependencies":[{"dependencyid":"33c24536-f016-ef11-9f89-6045bd010b08","componenttype":29,"componenttypeplatformname":"Workflow"},{"dependencyid":"0f034327-be16-ef11-9f89-6045bd010b08","componenttype":29,"componenttypeplatformname":"Workflow"}]}</CdsDependencies>
      <IsCustomizable>1</IsCustomizable>
      <BackgroundImageUri>/CanvasApps/wgj_lcplistcopypasteapp_5f169_BackgroundImageUri</BackgroundImageUri>
      <DocumentUri>/CanvasApps/wgj_lcplistcopypasteapp_5f169_DocumentUri.msapp</DocumentUri>
      <AdditionalUris>
        <AdditionalUri>/CanvasApps/wgj_lcplistcopypasteapp_5f169_AdditionalUris0_identity.json</AdditionalUri>
      </AdditionalUris>
    </CanvasApp>
  </CanvasApps>
  <connectionreferences>
    <connectionreference connectionreferencelogicalname="wgj_LCPOutlookConnectionReference">
      <connectionreferencedisplayname>LCP - Outlook Connection Reference</connectionreferencedisplayname>
      <connectorid>/providers/Microsoft.PowerApps/apis/shared_office365</connectorid>
      <description>connection reference for outlook for usage in list copy paste solution</description>
      <iscustomizable>1</iscustomizable>
      <statecode>0</statecode>
      <statuscode>1</statuscode>
    </connectionreference>
    <connectionreference connectionreferencelogicalname="wgj_LCPSharePointConnectionReference">
      <connectionreferencedisplayname>LCP - SharePoint Connection Reference</connectionreferencedisplayname>
      <connectorid>/providers/Microsoft.PowerApps/apis/shared_sharepointonline</connectorid>
      <description>SharePoint connection reference in use in the list copy paste solution</description>
      <iscustomizable>1</iscustomizable>
      <statecode>0</statecode>
      <statuscode>1</statuscode>
    </connectionreference>
  </connectionreferences>
  <Languages>
    <Language>1033</Language>
  </Languages>
</ImportExportXml>